id,first_name,last_name,email,ip_address,dob
1,Jereme,Bruna,jbruna0@ask.com,147.124.85.108,07/02/2000
2,Bernice,Maior,bmaior1@hibu.com,159.254.81.36,12/22/1991
3,Freeman,Michel,fmichel2@samsung.com,2.86.134.76,07/18/1992
4,Fiona,Purle,fpurle3@ihg.com,17.63.61.160,11/08/1985
5,Sansone,Marchetti,smarchetti4@shinystat.com,49.23.160.174,07/22/1994
6,Darell,Crut,dcrut5@businesswire.com,31.4.110.69,02/11/1986
7,Ira,Cron,icron6@irs.gov,175.6.167.0,11/27/1980
8,Stewart,Blewitt,sblewitt7@pinterest.com,21.6.120.53,06/22/1988
9,Ardelia,Sealey,asealey8@statcounter.com,22.162.108.33,12/09/1985
10,Roddy,Licciardiello,rlicciardiello9@senate.gov,207.118.76.239,01/12/1985
11,Mariette,Berget,mbergeta@admin.ch,227.110.15.170,11/01/1986
12,Ondrea,Cleugh,ocleughb@yellowbook.com,54.221.136.115,09/25/1980
13,Roseanna,Tuppeny,rtuppenyc@washingtonpost.com,45.179.99.188,03/23/1985
14,Carolee,MacSweeney,cmacsweeneyd@deliciousdays.com,188.83.176.26,10/24/1992
15,Katerine,Blazy,kblazye@sourceforge.net,122.122.17.199,07/22/1981
16,Zorah,Saph,zsaphf@exblog.jp,111.127.8.73,02/18/1988
17,Brew,Revitt,brevittg@about.com,52.173.236.55,01/04/1982
18,Selestina,MacGillespie,smacgillespieh@msn.com,77.235.40.19,07/09/1995
19,Marilin,Inkin,minkini@cdc.gov,113.13.97.161,09/30/1992
20,Celesta,Baskeyfield,cbaskeyfieldj@economist.com,253.238.100.213,08/26/1991
21,Cobby,Dorow,cdorowk@pbs.org,207.245.237.33,01/29/1985
22,Abbye,Hick,ahickl@state.gov,25.246.238.226,09/26/1986
23,Dulcinea,Mattsson,dmattssonm@ihg.com,238.60.156.235,07/24/1989
24,Alano,Tapp,atappn@ebay.com,76.114.12.37,03/05/1982
25,Mollee,Coweuppe,mcoweuppeo@hexun.com,204.64.87.29,05/23/1980
26,Eilis,Kopke,ekopkep@123-reg.co.uk,147.129.140.115,06/26/1991
27,Ashia,Bulter,abulterq@fema.gov,229.67.5.181,06/04/2000
28,Lynnet,Clelland,lclellandr@statcounter.com,29.243.65.253,06/10/1987
29,Gabrila,Wildman,gwildmans@issuu.com,133.42.235.188,01/17/1991
30,Cathlene,Genicke,cgenicket@discovery.com,135.121.214.153,10/05/1990
31,Rosalinda,Schinetti,rschinettiu@scientificamerican.com,109.9.242.36,07/11/1981
32,Astra,Pringour,apringourv@51.la,53.133.191.159,10/07/1982
33,Andris,Yanin,ayaninw@sbwire.com,76.229.168.92,06/22/1987
34,Burl,Slucock,bslucockx@wisc.edu,243.148.236.100,10/08/1986
35,Jacki,Steinor,jsteinory@youku.com,233.115.9.253,10/07/1998
36,Jenifer,Puxley,jpuxleyz@prlog.org,194.134.133.100,05/25/1990
37,Cheston,Bringloe,cbringloe10@booking.com,11.216.64.101,03/27/1998
38,Julita,Baldacchino,jbaldacchino11@stanford.edu,38.235.104.117,10/25/1990
39,Cynthea,Stennet,cstennet12@mapquest.com,85.64.54.203,06/27/2000
40,Pansy,Ellerey,pellerey13@zimbio.com,130.147.151.241,04/13/1991
41,Dione,Gavaran,dgavaran14@ted.com,72.211.17.75,11/11/1989
42,Yoshi,Brizland,ybrizland15@tiny.cc,96.89.225.223,03/08/1988
43,Kylen,Peniman,kpeniman16@wiley.com,187.31.13.79,01/04/1990
44,Clerc,Waistell,cwaistell17@europa.eu,37.9.167.17,04/01/2000
45,Debi,Lemary,dlemary18@irs.gov,90.255.7.10,06/22/1986
46,Cassaundra,Fassbindler,cfassbindler19@mapquest.com,64.103.197.169,12/31/1997
47,Ianthe,Poles,ipoles1a@google.com,168.84.68.110,04/04/1981
48,Erika,Lowey,elowey1b@ft.com,143.11.209.77,08/14/1985
49,Edna,MacAleese,emacaleese1c@oracle.com,63.25.131.239,11/30/1990
50,Virgie,Biasio,vbiasio1d@patch.com,222.180.107.145,09/02/1982
51,Norbie,Rennicks,nrennicks1e@dailymotion.com,197.130.238.60,03/03/1980
52,Sandie,Woodcock,swoodcock1f@nps.gov,209.61.136.177,08/12/1990
53,Allie,Tavernor,atavernor1g@sciencedirect.com,72.147.78.89,11/12/1982
54,Flss,Pietranek,fpietranek1h@usnews.com,50.200.72.178,09/03/1999
55,Scarface,Riepl,sriepl1i@google.com.au,97.72.231.140,04/30/1992
56,Estele,Haward,ehaward1j@blinklist.com,139.134.58.35,01/05/1997
57,Bartolemo,Gowland,bgowland1k@behance.net,11.76.137.250,12/13/1982
58,Maximilianus,Lydon,mlydon1l@utexas.edu,174.48.29.31,07/16/1981
59,Stanislaus,De Coursey,sdecoursey1m@rambler.ru,82.179.33.210,03/29/1985
60,Susanna,Cowpland,scowpland1n@arstechnica.com,87.207.57.119,08/06/1994
61,Homere,Standen,hstanden1o@etsy.com,253.68.103.120,05/31/1995
62,Krispin,Drohane,kdrohane1p@github.io,10.254.101.17,07/03/1988
63,Claudie,Petruk,cpetruk1q@wired.com,132.134.230.22,12/11/1994
64,Dulcie,Dodsley,ddodsley1r@dyndns.org,229.59.245.169,12/09/1991
65,Coriss,Woolpert,cwoolpert1s@apple.com,116.96.249.37,08/29/1998
66,Berti,MacVean,bmacvean1t@about.com,191.87.245.252,03/23/1981
67,Dorey,Leahey,dleahey1u@biblegateway.com,68.170.88.127,11/19/1998
68,Reba,Gorstidge,rgorstidge1v@intel.com,110.243.147.166,04/14/1991
69,Allin,Deards,adeards1w@i2i.jp,21.95.64.150,06/09/1999
70,Zena,Aymerich,zaymerich1x@github.io,28.36.22.233,08/11/1982
71,Sidonnie,Bateup,sbateup1y@google.com,91.130.0.228,04/03/1982
72,Dianemarie,Manuele,dmanuele1z@deliciousdays.com,103.115.179.194,05/28/1985
73,Shepperd,Lowdeane,slowdeane20@desdev.cn,115.32.53.119,09/30/1998
74,Thorstein,Jacobi,tjacobi21@irs.gov,114.134.255.238,08/28/1983
75,Debra,Karoly,dkaroly22@nyu.edu,140.166.191.157,05/21/1988
76,Klement,Seeviour,kseeviour23@ustream.tv,79.5.13.25,09/12/1986
77,Darius,Tresvina,dtresvina24@chronoengine.com,175.29.127.8,12/31/1995
78,Latrena,Dwane,ldwane25@hexun.com,216.13.240.39,12/31/1984
79,Gasper,Ivanishchev,givanishchev26@yellowpages.com,253.186.211.203,03/09/1987
80,Golda,Baudry,gbaudry27@nba.com,153.232.18.130,10/09/1990
81,Thomasin,Otson,totson28@princeton.edu,248.115.101.173,06/10/1992
82,Nora,Spaule,nspaule29@mlb.com,221.29.116.94,01/19/1999
83,Stinky,Pulfer,spulfer2a@wisc.edu,246.5.124.3,04/11/1983
84,Elwira,Meyrick,emeyrick2b@cisco.com,4.62.166.196,04/14/1983
85,Sharlene,Spink,sspink2c@bbc.co.uk,12.35.80.17,06/14/1998
86,Alfred,Byllam,abyllam2d@sogou.com,103.182.223.48,02/13/1999
87,Catha,Chimenti,cchimenti2e@wiley.com,127.160.57.95,08/06/1982
88,Elinor,Mc-Kerley,emckerley2f@arizona.edu,106.38.229.83,07/13/1990
89,Devonna,Pankhurst.,dpankhurst2g@blogtalkradio.com,104.252.7.98,08/10/1997
90,Duke,Hydes,dhydes2h@blogs.com,153.89.197.103,09/16/1998
91,Sigmund,Comsty,scomsty2i@nba.com,137.187.239.0,06/22/1990
92,Sidonnie,Baber,sbaber2j@sphinn.com,16.129.253.38,10/24/1983
93,Shanon,McGrill,smcgrill2k@bloglines.com,130.234.231.78,08/22/1984
94,Lew,Bondy,lbondy2l@e-recht24.de,181.89.216.100,07/10/1995
95,Emmalyn,Tosspell,etosspell2m@tinypic.com,20.184.180.47,05/18/1989
96,Bay,Mithon,bmithon2n@domainmarket.com,226.104.194.145,01/11/1985
97,Benedikt,Birwhistle,bbirwhistle2o@spotify.com,69.246.118.41,12/17/1997
98,Domenic,Jeacock,djeacock2p@networkadvertising.org,0.40.147.181,07/28/1992
99,Jonie,Dumbreck,jdumbreck2q@webnode.com,204.185.157.214,05/01/1983
100,Bernarr,Skirving,bskirving2r@nifty.com,145.164.50.100,04/11/1983
